{
  "variables": {
    "region": "us-east-1"
  },
  "builders": [
    {
      "type": "amazon-ebs",
      "profile": "default",
      "region": "{{user `region`}}",
      "instance_type": "t2.micro",
      "source_ami": "ami-0b69ea66ff7391e80",
      "ssh_username": "ec2-user",
      "ami_name": "docker-image-v1",
      "ami_description": "Amazon Linux Image with Docker-CE",
      "run_tags": {
        "Name": "packer-builder-docker",
        "Tool": "Packer",
        "Author": "kalyan"
      }
    }
  ],
  "provisioners": [
    {
      "type": "shell",
      "script": "./setup.sh"
    }
  ]
}
